Rank,CCA3,Country/Territory,Capital,Continent,2022 Population,,2020 Population,2020VS1970,2020VS2010,2020VS2015,2015 Population,2015vs2010,2010 Population,2010vs2000,2000 Population,2000vs1990,1990 Population,1990vs1980,1980 Population,1980vs1970,1970 Population,Area (km²),Density (per km²),Growth Rate,World Population Percentage
36,AFG,Afghanistan,Kabul,Asia,41128771,1.218503925,38972230,3.624322059,1.3825003,1.154613037,33753499,1.197371115,28189672,1.442444761,19542982,1.82733565,10694796,0.856499724,12486631,1.161226139,10752971,652230,63.0587,1.0257,0.52
138,ALB,Albania,Tirana,Europe,2842321,0.986067558,2866849,1.233196013,0.984022099,0.994576894,2882481,0.989387653,2913399,0.915581324,3182021,0.965692645,3295066,1.120141716,2941651,1.265372639,2324731,28748,98.8702,0.9957,0.04
34,DZA,Algeria,Algiers,Africa,44903225,1.135549911,43451666,3.149603778,1.211826448,1.098841686,39543154,1.102821693,35856344,1.16512707,30774621,1.205993093,25518074,1.361735379,18739378,1.358328027,13795915,2381741,18.8531,1.0164,0.56
213,ASM,American Samoa,Pago Pago,Oceania,44273,0.861878991,46189,1.705964912,0.84211198,0.899178477,51368,0.93653485,54849,0.941937146,58230,1.217742273,47818,1.454053397,32886,1.214626039,27075,199,222.4774,0.9831,0
203,AND,Andorra,Andorra la Vella,Europe,79824,1.112591643,77700,3.912386707,1.086424586,1.082987205,71746,1.003173982,71519,1.082030955,66097,1.233866602,53569,1.504282385,35611,1.793101712,19860,468,170.5641,1.01,0
42,AGO,Angola,Luanda,Africa,35588987,1.265263794,33428485,5.543971508,1.430757589,1.188453377,28127721,1.203881967,23364185,1.42516144,16394062,1.385963625,11828638,1.41999655,8330047,1.381502728,6029700,1246700,28.5466,1.0315,0.45
224,AIA,Anguilla,The Valley,America,15857,1.091703959,15585,2.480502944,1.183191619,1.072977625,14525,1.102717886,13172,1.192359917,11047,1.328403078,8316,1.267682927,6560,1.044087219,6283,91,174.2527,1.0066,0
201,ATG,Antigua and Barbuda,Saint John’s,America,93763,1.042494524,92664,1.436294873,1.081323298,1.030275403,89941,1.049547815,85695,1.141762707,75055,1.185178752,63328,0.975958575,64888,1.005766012,64516,442,212.1335,1.0058,0
33,ARG,Argentina,Buenos Aires,America,45510318,1.052089826,45036032,1.888873217,1.095763923,1.041125467,43257065,1.052480184,41100123,1.108693414,37070774,1.135828286,32637657,1.16459898,28024803,1.17539884,23842803,2780400,16.3683,1.0052,0.57
140,ARM,Armenia,Yerevan,Asia,2780469,0.965911842,2805608,1.107020779,0.952250167,0.974644922,2878595,0.977022652,2946293,0.92986322,3168523,0.890900676,3556539,1.134417693,3135123,1.237038925,2534377,29743,93.4831,0.9962,0.03
198,ABW,Aruba,Oranjestad,America,106445,1.0209866,106585,1.803285622,1.062227803,1.022329436,104257,1.039026918,100341,1.126148977,89101,1.355931945,65712,1.055326256,62267,1.053480188,59106,180,591.3611,0.9991,0
55,AUS,Australia,Canberra,Oceania,26177413,1.098956912,25670051,2.038108909,1.165804766,1.077657291,23820236,1.081795461,22019168,1.157808962,19017963,1.11555371,17048003,1.159229548,14706322,1.167628607,12595034,7692024,3.4032,1.0099,0.33
99,AUT,Austria,Vienna,Europe,8939617,1.034388049,8907777,1.193224091,1.065163116,1.030703897,8642421,1.033432706,8362829,1.04399278,8010428,1.043197123,7678729,1.017378859,7547561,1.01101898,7465301,83871,106.5877,1.002,0.11
91,AZE,Azerbaijan,Baku,Asia,10358074,1.050143965,10284951,1.895732729,1.113427096,1.042730456,9863480,1.067799535,9237202,1.127817085,8190337,1.102654528,7427836,1.163679489,6383060,1.176532173,5425317,86600,119.6082,1.0044,0.13
176,BHS,Bahamas,Nassau,America,409984,1.044021217,406471,2.269152399,1.088940505,1.035075389,392697,1.052039799,373272,1.148479758,325014,1.200735927,270679,1.209727734,223752,1.249110976,179129,13943,29.4043,1.0051,0.01
154,BHR,Bahrain,Manama,Asia,1472233,1.08082197,1477469,6.638669093,1.217381524,1.084665916,1362142,1.122356208,1213645,1.705894507,711442,1.374985022,517418,1.426986031,362595,1.629237717,222555,765,1924.4876,1.0061,0.02
8,BGD,Bangladesh,Dhaka,Asia,171186372,1.084625052,167420951,2.478773179,1.128240892,1.060767604,157830000,1.063607983,148391139,1.148597551,129193327,1.205750437,107147651,1.276634708,83929765,1.242633309,67541860,147570,1160.035,1.0108,2.15
186,BRB,Barbados,Bridgetown,America,281635,1.012773165,280693,1.162785784,1.021775611,1.009385687,278083,1.012274718,274711,1.037988793,264657,1.022362749,258868,1.020873509,253575,1.050448017,241397,430,654.9651,1.0015,0
96,BLR,Belarus,Minsk,Europe,9534954,0.982923237,9633740,1.050481387,0.989961698,0.993106721,9700609,0.996833147,9731427,0.948807403,10256483,0.983502748,10428525,1.062264643,9817257,1.070492431,9170786,207600,45.9295,0.9955,0.12
81,BEL,Belgium,Brussels,Europe,11655930,1.036238978,11561717,1.200671466,1.062858368,1.027863225,11248303,1.034046498,10877947,1.059780153,10264343,1.030602055,9959560,1.013284585,9828986,1.020729277,9629376,30528,381.8111,1.0038,0.15
177,BLZ,Belize,Belmopan,America,405272,1.126159096,394921,3.266374426,1.226059123,1.097396011,359871,1.117244013,322106,1.339841768,240406,1.316651058,182589,1.258080519,145133,1.200388735,120905,22966,17.6466,1.0131,0.01
77,BEN,Benin,Porto-Novo,Africa,13352864,1.221360014,12643123,4.181697158,1.338504252,1.156441411,10932783,1.157433692,9445710,1.349768356,6998023,1.363228484,5133419,1.33894123,3833939,1.268070541,3023443,112622,118.5635,1.0274,0.17
206,BMU,Bermuda,Hamilton,America,64184,1.01647029,64031,1.230915627,1.009204533,1.014047257,63144,0.99522436,63447,1.033827052,61371,1.067878893,57470,1.072902082,53565,1.02971991,52019,54,1188.5926,1,0
165,BTN,Bhutan,Thimphu,Asia,782455,1.052714073,772506,2.584548368,1.09495178,1.0393287,743274,1.053518276,705516,1.201477503,587207,1.051509378,558442,1.344810563,415257,1.38931193,298894,38394,20.3796,1.0064,0.01
80,BOL,Bolivia,Sucre,America,12224110,1.102255754,11936162,2.602913453,1.167548348,1.0762913,11090085,1.084788429,10223270,1.189768332,8592656,1.210882341,7096194,1.237113866,5736088,1.250866118,4585693,1098581,11.1272,1.012,0.15
137,BIH,Bosnia and Herzegovina,Sarajevo,Europe,3233526,0.91748829,3318407,0.869703564,0.870724318,0.941572625,3524324,0.924755345,3811088,0.911885341,4179350,0.929920277,4494310,1.070119672,4199820,1.100708389,3815561,51209,63.1437,0.9886,0.04
144,BWA,Botswana,Gaborone,Africa,2630296,1.141041597,2546402,4.299582604,1.217404899,1.104647768,2305171,1.10207519,2091664,1.211165123,1726985,1.28737866,1341474,1.429262139,938578,1.584782623,592244,582000,4.5194,1.0162,0.03
7,BRA,Brazil,Brasilia,America,215313498,1.04934637,213196304,2.212271252,1.085778011,1.039028067,205188205,1.044993918,196353492,1.116445891,175873720,1.166995339,150706446,1.232385631,122288383,1.268948237,96369875,8515767,25.2841,1.0046,2.7
221,VGB,British Virgin Islands,Road Town,America,31305,1.066028741,30910,3.226176808,1.121715779,1.052577811,29366,1.065684424,27556,1.370672503,20104,1.287315105,15617,1.405797101,11109,1.159482309,9581,151,207.3179,1.0059,0
175,BRN,Brunei,Bandar Seri Begawan,Asia,449002,1.065407166,441725,3.312697329,1.115317899,1.048140054,421437,1.064092432,396053,1.186050203,333926,1.274877065,261928,1.393819743,187921,1.409305325,133343,5765,77.8841,1.0081,0.01
108,BGR,Bulgaria,Sofia,Europe,6781953,0.927858565,6979175,0.813144082,0.919247108,0.954841076,7309253,0.962722626,7592273,0.937584924,8097691,0.923573909,8767778,0.976301377,8980606,1.046330924,8582950,110879,61.1654,0.9849,0.09
58,BFA,Burkina Faso,Ouagadougou,Africa,22673762,1.211333422,21522626,3.835336244,1.335411863,1.149834606,18718019,1.161394739,16116845,1.356307069,11882888,1.301327152,9131361,1.317092812,6932967,1.235456102,5611666,272967,83.0641,1.0259,0.28
78,BDI,Burundi,Bujumbura,Africa,12889576,1.201584615,12220227,3.493655502,1.338967447,1.139186949,10727148,1.175371127,9126605,1.446908433,6307659,1.150236524,5483793,1.271505697,4312834,1.233001337,3497834,27834,463.0874,1.027,0.16
73,KHM,Cambodia,Phnom Penh,Asia,16767842,1.087583395,16396860,2.444182589,1.141561839,1.063521034,15417523,1.073379653,14363532,1.18522324,12118841,1.360015949,8910808,1.437468452,6198959,0.924042021,6708525,181035,92.6221,1.0108,0.21
53,CMR,Cameroon,Yaounde,Africa,27914536,1.213008535,26491087,4.105371369,1.332681307,1.151153457,23012646,1.157692138,19878036,1.317159473,15091594,1.320289366,11430520,1.341627493,8519891,1.320342822,6452787,475442,58.7128,1.0263,0.35
39,CAN,Canada,Ottawa,America,38454327,1.076183572,37888705,1.767644167,1.115574166,1.060354063,35732126,1.052077041,33963412,1.106901722,30683313,1.109414856,27657204,1.128335382,24511510,1.143549975,21434577,9984670,3.8513,1.0078,0.48
171,CPV,Cape Verde,Praia,Africa,593149,1.074222245,582640,2.028252954,1.117856074,1.055189925,552166,1.059388502,521212,1.137394136,458251,1.256987133,364563,1.149192709,317234,1.104336808,287262,4033,147.0739,1.0089,0.01
205,CYM,Cayman Islands,George Town,America,68706,1.127973601,67311,6.390487041,1.244794171,1.105071334,60911,1.126437844,54074,1.363507993,39658,1.523725362,26027,1.522046784,17100,1.623469097,10533,264,260.25,1.0084,0
117,CAF,Central African Republic,Bangui,Africa,5579144,1.157658954,5343020,2.584470212,1.146554331,1.108663792,4819333,1.034176762,4660067,1.239653168,3759170,1.338153887,2809221,1.163105583,2415276,1.168292253,2067356,622984,8.9555,1.0224,0.07
69,TCD,Chad,N'Djamena,Africa,17723315,1.253392615,16644701,4.538563623,1.399334428,1.177113046,14140274,1.188785081,11894727,1.440190059,8259137,1.417374155,5827069,1.321861382,4408230,1.202006111,3667394,1284000,13.8032,1.0316,0.22
65,CHL,Chile,Santiago,America,19603733,1.097011582,19300315,1.965312595,1.135034764,1.080032517,17870124,1.050926473,17004162,1.107633184,15351799,1.150562158,13342868,1.16330149,11469828,1.167949717,9820481,756102,25.9274,1.0057,0.25
1,CHN,China,Beijing,Asia,1425887337,1.023083542,1424929781,1.732364864,1.056919526,1.022396489,1393715448,1.033766779,1348191368,1.066523504,1264099069,1.095687276,1153704252,1.174406136,982372466,1.194323795,822534450,9706961,146.8933,1,17.88
28,COL,Colombia,Bogota,America,51874024,1.100898206,50930662,2.436261334,1.136436524,1.080877674,47119728,1.051401608,44816108,1.142826819,39215135,1.202866853,32601393,1.245459586,26176195,1.25213475,20905254,1141748,45.4339,1.0069,0.65
163,COM,Comoros,Moroni,Africa,836774,1.145926685,806166,3.326439751,1.228866627,1.10401032,730216,1.113093423,656024,1.222196968,536758,1.245034434,431119,1.313074121,328328,1.354762308,242351,1862,449.3953,1.0184,0.01
223,COK,Cook Islands,Avarua,Oceania,17011,0.961345013,17029,0.831900342,0.989367883,0.962362249,17695,1.028061817,17212,1.08272001,15897,0.928400397,17123,0.970086681,17651,0.862286273,20470,236,72.0805,1.0005,0
124,CRI,Costa Rica,San José,America,5180829,1.05833971,5123105,2.760744346,1.108356922,1.046547852,4895242,1.059059956,4622252,1.161605381,3979193,1.259934844,3158253,1.308142764,2414303,1.301022204,1855697,51100,101.3861,1.0052,0.06
130,HRV,Croatia,Zagreb,Europe,4030358,0.947246355,4096868,0.911906991,0.937781235,0.962878057,4254815,0.973935617,4368682,0.960480464,4548434,0.933259632,4873707,1.041358343,4680144,1.041736281,4492638,56594,71.2153,0.9927,0.05
85,CUB,Cuba,Havana,America,11212191,0.988738607,11300698,1.274088136,1.000910595,0.99654353,11339894,1.004382212,11290417,1.0166243,11105791,1.045085671,10626680,1.083348362,9809107,1.105919905,8869636,109884,102.0366,0.9961,0.14
189,CUW,Curacao,Willemstad,America,191163,1.127326445,189288,1.258689364,1.187652152,1.116269195,169572,1.063947798,159380,1.12696572,141424,0.909795041,155446,0.991042454,156851,1.042996309,150385,444,430.5473,1.0043,0
158,CYP,Cyprus,Nicosia,Europe,1251488,1.054079914,1237537,1.931225461,1.095469892,1.042329526,1187280,1.050982308,1129686,1.19135406,948237,1.202583386,788500,1.160707583,679327,1.060116666,640804,9251,135.2814,1.0059,0.02
88,CZE,Czech Republic,Prague,Europe,10493986,0.997167182,10530953,1.075053921,1.006326382,1.000679888,10523798,1.005642658,10464749,1.022476357,10234710,0.993546184,10301192,1.003031336,10270060,1.04842062,9795744,78865,133.0627,0.9984,0.13
115,DNK,Denmark,Copenhagen,Europe,5882261,1.036011333,5825641,1.183360712,1.049504499,1.026039153,5677796,1.022869835,5550849,1.039357345,5340655,1.03810425,5144623,1.003752103,5125392,1.041119342,4922963,43094,136.4984,1.0048,0.07
160,DJI,Djibouti,Djibouti,Africa,1120849,1.113877242,1090156,7.550654874,1.185984754,1.083375155,1006259,1.094712897,919199,1.238757575,742033,1.285633597,577173,1.780733121,324121,2.244931742,144379,23200,48.3125,1.0138,0.01
204,DMA,Dominica,Roseau,America,72737,1.0389961,71995,1.044996008,1.047123846,1.02839716,70007,1.018209585,68755,1.005984257,68346,0.983664599,69481,0.952081449,72978,1.059264098,68895,751,96.8535,1.0045,0
84,DOM,Dominican Republic,Santo Domingo,America,11228821,1.079089207,10999664,2.457547146,1.125198412,1.057067229,10405832,1.064453027,9775755,1.144595975,8540791,1.198034256,7129004,1.238577435,5755800,1.285961995,4475871,48671,230.7087,1.01,0.14
15,COD,DR Congo,Kinshasa,Africa,99010212,1.258760604,92853164,4.607701184,1.398575177,1.18048333,78656904,1.184747925,66391257,1.365616754,48616317,1.350920781,35987541,1.34740964,26708686,1.325379113,20151733,2344858,42.2244,1.0325,1.24
67,ECU,Ecuador,Quito,America,18001000,1.111453996,17588595,2.849640688,1.173387722,1.085990456,16195902,1.080477011,14989585,1.187152155,12626507,1.208297029,10449837,1.284419381,8135845,1.318140246,6172215,276841,65.0229,1.0114,0.23
14,EGY,Egypt,Cairo,Africa,110990103,1.135753052,107465134,3.089677915,1.231658017,1.09968232,97723799,1.120012566,87252413,1.222512778,71371371,1.247432186,57214630,1.307806137,43748556,1.257793503,34781986,1002450,110.7188,1.0158,1.39
112,SLV,El Salvador,San Salvador,America,6336392,1.016903368,6292731,1.738760572,1.029227348,1.00989638,6231066,1.019141536,6114034,1.026105978,5958482,1.110170166,5367179,1.190327905,4508992,1.245891094,3619090,21041,301.145,1.0035,0.08
152,GNQ,Equatorial Guinea,Malabo,Africa,1674908,1.243460708,1596049,5.035569718,1.458212885,1.184915362,1346973,1.230647295,1094524,1.597898908,684977,1.471331697,465549,1.647908562,282509,0.891322112,316955,28051,59.7094,1.0247,0.02
132,ERI,Eritrea,Asmara,Africa,3684032,1.103001611,3555868,2.793850786,1.129662134,1.064629225,3340006,1.061085031,3147727,1.315455434,2392880,1.112988149,2149960,1.296733016,1657982,1.302678928,1272748,117600,31.3268,1.0176,0.05
156,EST,Estonia,Tallinn,Europe,1326062,1.008675267,1329444,0.976097633,0.998429632,1.011247801,1314657,0.987324404,1331535,0.953222796,1396877,0.889348776,1570674,1.063434041,1476983,1.084422969,1361999,45227,29.3201,0.998,0.02
159,SWZ,Eswatini,Mbabane,Africa,1201670,1.05973353,1180655,2.665947862,1.073400793,1.041200738,1133936,1.030925886,1099920,1.0673695,1030496,1.206654247,854011,1.426766394,598564,1.35157215,442865,17364,69.2047,1.0079,0.02
12,ETH,Ethiopia,Addis Ababa,Africa,123379924,1.204036717,117190911,4.139815339,1.313243074,1.143639541,102471895,1.148301564,89237791,1.331274139,67031867,1.400053569,47878073,1.370079566,34945469,1.234462531,28308246,1104300,111.7268,1.0257,1.55
231,FLK,Falkland Islands,Stanley,America,3780,1.10915493,3747,1.647757256,1.175713837,1.099471831,3408,1.069344211,3187,1.03474026,3080,1.320754717,2332,1.041071429,2240,0.985048373,2274,12173,0.3105,1.0043,0
209,FRO,Faroe Islands,Tórshavn,Europe,53090,1.087553261,52415,1.364405456,1.082730841,1.073725828,48816,1.008386697,48410,1.06022777,45660,0.961688325,47479,1.102777907,43054,1.120730945,38416,1393,38.112,1.0038,0
162,FJI,Fiji,Suva,Oceania,929766,1.013700392,920422,1.744432694,1.016850997,1.003512865,917200,1.013291441,905169,1.087278336,832509,1.066731161,780430,1.210753636,644582,1.221646065,527634,18272,50.8847,1.0056,0.01
118,FIN,Finland,Helsinki,Europe,5540745,1.011184312,5529468,1.200330568,1.030987992,1.009126263,5479461,1.021664018,5363271,1.036138804,5176209,1.038035153,4986545,1.043337285,4779418,1.037510574,4606621,338424,16.3722,1.0009,0.07
23,FRA,France,Paris,Europe,64626628,1.012801472,64480053,1.276236667,1.032596687,1.01050441,63809769,1.021862623,62444567,1.064418049,58665453,1.039929805,56412897,1.050249014,53713830,1.063143657,50523586,551695,117.1419,1.0015,0.81
184,GUF,French Guiana,Cayenne,America,304557,1.184926817,290969,6.259551674,1.273649285,1.13206057,257026,1.125071678,228453,1.390031092,164351,1.44254856,113931,1.704915825,66825,1.437591429,46484,83534,3.6459,1.0239,0
183,PYF,French Polynesia,Papeete,Oceania,306279,1.049666366,301920,2.561009746,1.063892765,1.034727387,291787,1.028186534,283788,1.130958406,250927,1.188726082,211089,1.290346046,163591,1.387646216,117891,4167,73.5011,1.0074,0
146,GAB,Gabon,Libreville,Africa,2388992,1.177703712,2292573,3.838921151,1.339820175,1.130171943,2028517,1.185501182,1711105,1.344220247,1272935,1.294912251,983028,1.312317275,749078,1.254333615,597192,267668,8.9252,1.0204,0.03
142,GMB,Gambia,Banjul,Africa,2705992,1.200990798,2573995,4.868250585,1.328667845,1.142407039,2253133,1.163042418,1937275,1.347633003,1437539,1.381430806,1040616,1.448143994,718586,1.359076733,528731,10689,253.1567,1.025,0.03
131,GEO,Georgia,Tbilisi,Asia,3744385,0.992907435,3765912,0.784495376,0.981516257,0.9986158,3771132,0.982876754,3836831,0.899572397,4265172,0.791071949,5391636,1.047765352,5145843,1.071955489,4800426,69700,53.7214,0.9964,0.05
19,DEU,Germany,Berlin,Europe,83369843,1.015798295,83328988,1.064300809,1.024640588,1.015300507,82073226,1.009199326,81325090,0.997221553,81551677,1.027484889,79370196,1.02035686,77786703,0.993513217,78294583,357114,233.4544,0.9995,1.05
47,GHA,Ghana,Accra,Africa,33475870,1.159500562,32180401,3.631322759,1.258289524,1.114629524,28870939,1.128885874,25574719,1.300486456,19665502,1.273096712,15446982,1.301867825,11865246,1.338906182,8861895,238533,140.3406,1.0196,0.42
219,GIB,Gibraltar,Gibraltar,Europe,32649,1.00396679,32709,1.2257448,1.046286226,1.005811808,32520,1.040240548,31262,1.126924047,27741,1.01552147,27317,0.950685599,28734,1.076784711,26685,6,5441.5,0.9994,0
90,GRC,Greece,Athens,Europe,10384971,0.960980475,10512232,1.23023853,0.952731443,0.97275666,10806641,0.979413951,11033783,0.999608085,11038109,1.071426498,10302255,1.106918575,9307148,1.089208465,8544873,131990,78.68,0.9942,0.13
208,GRL,Greenland,Nuuk,America,56466,1.010215583,56026,1.233129374,0.994232578,1.00234368,55895,0.991907863,56351,1.002972376,56184,1.010521772,55599,1.10962759,50106,1.102830479,45434,2166086,0.0261,1.004,0
193,GRD,Grenada,Saint George's,America,125438,1.05427803,123663,1.251725813,1.084392182,1.039359556,118980,1.043327283,114039,1.061499367,107432,1.084656779,99047,1.044380944,94838,0.959957082,98794,344,364.6453,1.0066,0
178,GLP,Guadeloupe,Basse-Terre,America,395752,0.991638457,395642,1.242945556,0.981566569,0.991362829,399089,0.990118391,403072,0.950491314,424067,1.081938814,391951,1.172684407,334234,1.050026704,318310,1628,243.0909,0.9992,0
191,GUM,Guam,Hagåtña,Oceania,171774,1.022598197,169231,1.916545866,1.026233286,1.00745931,167978,1.018634972,164905,1.02944665,160188,1.158574601,138263,1.253676804,110286,1.248992072,88300,549,312.8852,1.0073,0
68,GTM,Guatemala,Guatemala City,America,17843908,1.115167094,17362718,3.18394567,1.193878398,1.0850948,16001107,1.100252621,14543121,1.239200098,11735894,1.291819285,9084780,1.300097728,6987767,1.281404817,5453208,108889,163.8725,1.0134,0.22
207,GGY,Guernsey,Saint Peter Port,Europe,63301,1.027130085,62794,1.192532665,1.033101905,1.018903438,61629,1.013935047,60782,1.028216666,59114,1.024026885,57727,1.092073401,52860,1.003874202,52656,78,811.5513,1.0037,0
75,GIN,Guinea,Conakry,Africa,13859341,1.192099035,13205153,3.127423814,1.285707595,1.135829629,11625998,1.131954619,10270728,1.23195018,8336967,1.312051739,6354145,1.277829204,4972609,1.17768085,4222374,245857,56.3716,1.0242,0.17
149,GNB,Guinea-Bissau,Bissau,Africa,2105566,1.17700466,2015828,3.407054354,1.286244433,1.126841405,1788919,1.141460038,1567220,1.273283725,1230849,1.264288157,973551,1.170890552,831462,1.405296596,591663,36125,58.2856,1.0218,0.03
164,GUY,Guyana,Georgetown,America,808726,1.071116285,797202,1.130364503,1.065874973,1.055853336,755031,1.009491505,747932,0.985351445,759051,1.015974762,747116,0.96008615,778176,1.103387257,705261,214969,3.7621,1.0052,0.01
82,HTI,Haiti,Port-au-Prince,America,11584996,1.096673844,11306801,2.415564009,1.148728929,1.07033899,10563757,1.073238422,9842880,1.177346303,8360225,1.207195006,6925331,1.226443841,5646676,1.206345395,4680812,27750,417.4773,1.012,0.15
89,HND,Honduras,Tegucigalpa,America,10432860,1.12247613,10121763,3.637319949,1.197709531,1.089005063,9294505,1.099819984,8450933,1.269533141,6656725,1.31731976,5053234,1.337545626,3777990,1.35764475,2782753,112492,92.7431,1.015,0.13
104,HKG,Hong Kong,Hong Kong,Asia,7488865,1.012030939,7500958,1.896541454,1.051668167,1.013665164,7399838,1.037490687,7132438,1.059609475,6731195,1.152883392,5838574,1.172747293,4978544,1.258774556,3955072,1104,6783.3922,0.9992,0.09
94,HUN,Hungary,Budapest,Europe,9967308,1.012500907,9750573,0.945247411,0.976343633,0.990484492,9844246,0.98572329,9986825,0.97890327,10202055,0.983236875,10375989,0.969838332,10698679,1.037159418,10315366,93028,107.1431,1.0265,0.12
179,ISL,Iceland,Reykjavík,Europe,372899,1.126378904,366669,1.793283057,1.151840997,1.107560563,331060,1.039980147,318333,1.130998145,281462,1.103690313,255019,1.117215668,228263,1.116375179,204468,103000,3.6204,1.0069,0
2,IND,India,New Delhi,Asia,1417173173,1.071289633,1396387127,2.504724428,1.125561661,1.055576751,1322866505,1.066300163,1240613620,1.170794822,1059633675,1.217337055,870452165,1.249162898,696828385,1.249913469,557501301,3287590,431.0675,1.0068,17.77
4,IDN,Indonesia,Jakarta,Asia,275501339,1.063334147,271857970,2.359296703,1.114098163,1.049272079,259091970,1.061781958,244016173,1.139876738,214072421,1.175189773,182159874,1.229338939,148177096,1.28594256,115228394,1904569,144.6529,1.0064,3.45
17,IRN,Iran,Tehran,Asia,88550570,1.082646528,87290193,3.068228405,1.158096438,1.06723677,81790841,1.085135436,75373855,1.149966657,65544383,1.174764649,55793629,1.448407769,38520664,1.353991685,28449705,1648195,53.7258,1.0071,1.11
35,IRQ,Iraq,Baghdad,Asia,44496122,1.178461316,42556984,4.337527151,1.361175568,1.127104051,37757813,1.207675163,31264875,1.269440711,24628858,1.394740435,17658381,1.293335074,13653369,1.391589656,9811347,438317,101.5158,1.0221,0.56
125,IRL,Ireland,Dublin,Europe,5023109,1.076589666,4946119,1.683706666,1.09316523,1.060088603,4665760,1.031201757,4524585,1.200489526,3768950,1.081361713,3485374,1.02771344,3391387,1.154460881,2937637,70273,71.4799,1.0073,0.06
202,IMN,Isle of Man,Douglas,Europe,84519,1.011077483,84046,1.519874136,1.002600563,1.005419114,83593,0.997196641,83828,1.109393611,75562,1.097248239,68865,1.075645872,64022,1.157763391,55298,572,147.7605,1.003,0
98,ISR,Israel,Jerusalem,Asia,9038309,1.128691255,8757489,3.012234002,1.194999621,1.09362285,8007778,1.09269811,7328445,1.198053837,6116958,1.273502921,4803254,1.282712102,3744608,1.287998825,2907307,20770,435.1617,1.0155,0.11
25,ITA,Italy,Rome,Europe,59037474,0.980153174,59500579,1.115830373,0.994619562,0.987841746,60232906,1.006861237,59822450,1.050135749,56966397,1.003697123,56756561,1.007581802,56329482,1.056361938,53324036,301336,195.9191,0.9966,0.74
52,CIV,Ivory Coast,Yamoussoukro,Africa,28160542,1.193408107,26811790,4.895265475,1.269495108,1.136249705,23596741,1.117267712,21120042,1.257170052,16799670,1.410487686,11910540,1.434346575,8303809,1.516099802,5477086,322463,87.3295,1.0248,0.35
139,JAM,Jamaica,Kingston,America,2827377,1.011784809,2820436,1.517104865,1.031654459,1.009300952,2794445,1.022147514,2733896,1.046585547,2612205,1.09204525,2392030,1.120102306,2135546,1.148704394,1859091,10991,257.2447,0.9999,0.04
11,JPN,Japan,Tokyo,Asia,123951692,0.974072952,125244761,1.188090652,0.977669409,0.98423452,127250933,0.993329729,128105431,1.010264435,126803861,1.025205212,123686321,1.051538078,117624196,1.115800826,105416839,377930,327.9753,0.9947,1.55
195,JEY,Jersey,Saint Helier,Europe,110778,1.101600024,108319,1.58483913,1.126550946,1.077147204,100561,1.045865358,96151,1.115544366,86192,1.040036682,82874,1.103162771,75124,1.099155779,68347,116,954.9828,1.0106,0
83,JOR,Jordan,Amman,Asia,11285869,1.188706191,10928721,7.017403013,1.576729794,1.151088881,9494246,1.369772414,6931258,1.37085037,5056174,1.452678528,3480587,1.570022234,2216903,1.423487871,1557374,89342,126.3221,1.0123,0.14
66,KAZ,Kazakhstan,Nursultan,Asia,19397998,1.087581126,18979243,1.547392666,1.141413823,1.064102929,17835909,1.072653587,16627837,1.091333742,15236253,0.90334071,16866563,1.190073246,14172710,1.155512236,12265305,2724900,7.1188,1.0105,0.24
27,KEN,Kenya,Nairobi,Africa,54027487,1.153164804,51985780,4.53110658,1.252129473,1.10958653,46851488,1.128464919,41517895,1.345728809,30851606,1.331976846,23162269,1.430906997,16187124,1.410877822,11473087,580367,93.0919,1.0193,0.68
192,KIR,Kiribati,Tarawa,Oceania,131232,1.124456973,126463,2.201768895,1.171007917,1.083593958,116707,1.080670401,107995,1.215803931,88826,1.182391779,75124,1.235327973,60813,1.058777443,57437,811,161.815,1.0183,0
129,KWT,Kuwait,Kuwait City,Asia,4268873,1.092134479,4360444,5.431639316,1.481453144,1.115561704,3908743,1.327988527,2943356,1.52119204,1934901,1.155207536,1674938,1.121207334,1493870,1.860857065,802786,17818,239.5821,1.0044,0.05
110,KGZ,Kyrgyzstan,Bishkek,Asia,6630623,1.120988237,6424874,2.12999207,1.171615388,1.086203842,5914980,1.078633073,5483774,1.111159426,4935182,1.122976271,4394734,1.190594735,3691209,1.223719858,3016384,199951,33.1612,1.0158,0.08
103,LAO,Laos,Vientiane,Asia,7529475,1.109328156,7319399,2.735934479,1.157506747,1.078377363,6787419,1.073378195,6323418,1.164350794,5430853,1.258761096,4314443,1.308390642,3297519,1.232586982,2675283,236800,31.7968,1.0141,0.09
151,LVA,Latvia,Riga,Europe,1850651,0.929062655,1897052,0.791290949,0.902700414,0.952356855,1991955,0.947859417,2101530,0.878371431,2392530,0.889617761,2689391,1.045626871,2572037,1.072838066,2397414,64559,28.666,0.9876,0.02
119,LBN,Lebanon,Beirut,Asia,5489739,0.857913811,5662923,2.377590225,1.133536771,0.884978293,6398940,1.280863926,4995800,1.156263352,4320642,1.202282327,3593700,1.212571304,2963702,1.244316567,2381791,10452,525.2334,0.9816,0.07
147,LSO,Lesotho,Maseru,Africa,2305825,1.088412624,2254100,2.20238578,1.114375649,1.063997005,2118521,1.047348482,2022747,1.012066766,1998630,1.110969057,1798997,1.277994448,1407672,1.375376778,1023481,30355,75.962,1.0107,0.03
121,LBR,Liberia,Monrovia,Africa,5302681,1.149675359,5087584,3.476163308,1.265582011,1.103040134,4612329,1.147358081,4019956,1.388478404,2895224,1.310215587,2209731,1.143653066,1932169,1.320181639,1463563,111369,47.6136,1.021,0.07
107,LBY,Libya,Tripoli,Africa,6812341,1.100142517,6653942,3.485241023,1.02494675,1.074562254,6192235,0.953827241,6491988,1.259408822,5154790,1.216618051,4236983,1.430099031,2962720,1.551830972,1909177,1759540,3.8717,1.0114,0.09
216,LIE,Liechtenstein,Vaduz,Europe,39327,1.052790791,38756,1.837735312,1.078773033,1.037505019,37355,1.039776207,35926,1.087809605,33026,1.14813141,28765,1.150461945,25003,1.185594386,21089,160,245.7937,1.0074,0
141,LTU,Lithuania,Vilnius,Europe,2750055,0.927892394,2820267,0.878547618,0.898454899,0.951582531,2963765,0.944169182,3139019,0.872037653,3599637,0.950814177,3785847,1.075156353,3521206,1.096898678,3210147,65300,42.1142,0.9869,0.03
168,LUX,Luxembourg,Luxembourg,Europe,647599,1.137319813,630399,1.857709921,1.243218885,1.107113002,569408,1.122937661,507070,1.163997723,435628,1.142579872,381267,1.048182635,363741,1.071900914,339342,2586,250.425,1.0129,0.01
167,MAC,Macau,Concelho de Macau,Asia,695168,1.129915366,676283,2.734843338,1.213505546,1.099219978,615239,1.103969697,557297,1.290349992,431896,1.23318876,350227,1.427563465,245332,0.992106242,247284,30,23172.2667,1.0125,0.01
50,MDG,Madagascar,Antananarivo,Africa,29611714,1.191574539,28225177,4.250939079,1.298840742,1.135780329,24850912,1.143566858,21731053,1.340063853,16216431,1.364702163,11882762,1.327955618,8948162,1.347665296,6639751,587041,50.4423,1.0241,0.37
62,MWI,Malawi,Lilongwe,Africa,20405317,1.204639404,19377061,4.189507087,1.316517559,1.143935731,16938942,1.150866717,14718422,1.31070574,11229387,1.177125926,9539665,1.522116378,6267369,1.3550655,4625141,118484,172.22,1.0259,0.26
45,MYS,Malaysia,Kuala Lumpur,Asia,33938221,1.092355835,33199993,3.221264952,1.156079949,1.068594788,31068833,1.081869351,28717731,1.25158175,22945150,1.309874937,17517054,1.325472334,13215707,1.282268155,10306508,330803,102.5934,1.0109,0.43
174,MDV,Maldives,Malé,Asia,523787,1.202499185,514438,4.174176221,1.422769826,1.181035947,435582,1.204679527,361575,1.279879791,282507,1.255826669,224957,1.364310103,164887,1.337901544,123243,300,1745.9567,1.0045,0.01
59,MLI,Mali,Bamako,Africa,22593590,1.247375145,21224040,3.449051748,1.366719855,1.171763318,18112907,1.166378768,15529181,1.381710245,11239101,1.25646376,8945026,1.213282838,7372581,1.198094867,6153587,1240192,18.2178,1.0314,0.28
173,MLT,Malta,Valletta,Europe,533286,1.168003785,515357,1.633906548,1.230688589,1.128735662,456579,1.090324892,418755,1.048953939,399212,1.092558129,365392,1.095342444,333587,1.057616339,315414,316,1687.6139,1.0124,0.01
215,MHL,Marshall Islands,Majuro,Oceania,41569,0.841307428,43413,1.811214485,0.812734012,0.878627808,49410,0.925003744,53416,0.985098849,54224,1.17757943,46047,1.439508566,31988,1.334557136,23969,181,229.663,0.9886,0
180,MTQ,Martinique,Fort-de-France,America,367507,0.958259781,370391,1.13467901,0.94443892,0.965779696,383515,0.97790306,392181,0.906686734,432543,1.15569467,374271,1.121290288,333786,1.022540958,326428,1128,325.8041,0.9965,0
126,MRT,Mauritania,Nouakchott,Africa,4736139,1.20017105,4498604,4.008743555,1.315588626,1.139978004,3946220,1.154047378,3419461,1.268815285,2695003,1.343453004,2006027,1.331409696,1506694,1.342627593,1122198,1030700,4.5951,1.0263,0.06
157,MUS,Mauritius,Port Louis,Africa,1299469,1.004884186,1297828,1.563431573,1.011297172,1.003615195,1293153,1.007654306,1283330,1.055430822,1215930,1.115235396,1090290,1.141826331,954865,1.150280383,830115,2040,636.9946,1.0004,0.02
182,MYT,Mayotte,Mamoudzou,Africa,326101,1.306782344,305587,8.636548625,1.44290463,1.22457673,249545,1.178288461,211786,1.330188738,159215,1.718289643,92659,1.773955162,52233,1.476217393,35383,374,871.9278,1.0319,0
10,MEX,Mexico,Mexico City,America,127504125,1.061208775,125998302,2.505469095,1.119662434,1.048675905,120149897,1.06769158,112532401,1.149774634,97873442,1.197661887,81720428,1.207003966,67705186,1.346313787,50289306,1964375,64.9082,1.0063,1.6
194,FSM,Micronesia,Palikir,Oceania,114164,1.042955546,112106,1.900456017,1.041993531,1.024154501,109462,1.017418299,107588,0.963109508,111709,1.132916848,98603,1.292323622,76299,1.293444541,58989,702,162.6268,1.0091,0
135,MDA,Moldova,Chisinau,Europe,3272996,0.998659908,3084847,0.831239727,0.838687059,0.941251692,3277388,0.891033787,3678186,0.865135328,4251573,0.948969677,4480199,1.091868621,4103240,1.105654866,3711140,33846,96.7026,1.0691,0.04
217,MCO,Monaco,Monaco,Europe,36469,0.992083787,36922,1.521302019,1.112845862,1.004406964,36760,1.107963108,33178,1.021962113,32465,1.070427644,30329,1.1201433,27076,1.115615987,24270,2,18234.5,0.9941,0
134,MNG,Mongolia,Ulaanbaatar,Asia,3398366,1.146257575,3294335,2.546090055,1.218986353,1.111168264,2964749,1.097031289,2702520,1.102628786,2450979,1.133960201,2161433,1.273093687,1697780,1.31216187,1293880,1564110,2.1727,1.0151,0.04
169,MNE,Montenegro,Podgorica,Europe,627082,0.989141374,629048,1.186283162,0.996836988,0.992242486,633966,1.004630422,631044,0.996399947,633324,1.019120047,621442,1.054499732,589324,1.1113701,530268,13812,45.4012,0.9988,0.01
230,MSR,Montserrat,Brades,America,4390,0.867760427,4500,0.394667602,0.911300122,0.889503855,5059,1.024503848,4938,0.961074348,5138,0.475520592,10805,0.943503318,11452,1.004385196,11402,102,43.0392,0.9939,0
40,MAR,Morocco,Rabat,Africa,37457971,1.080088706,36688772,2.401985656,1.130107025,1.057909097,34680458,1.068245871,32464865,1.136947299,28554415,1.162127352,24570814,1.248615693,19678444,1.288332578,15274351,446550,83.883,1.0103,0.47
48,MOZ,Mozambique,Maputo,Africa,32969517,1.228223926,31178239,3.706543024,1.3512444,1.161492876,26843246,1.163368651,23073723,1.298574247,17768505,1.335630455,13303459,1.165580899,11413587,1.356874302,8411676,801590,41.1302,1.0278,0.41
26,MMR,Myanmar,Nay Pyi Taw,Asia,54179306,1.052353346,53423198,1.958033232,1.081638577,1.03766706,51483949,1.042375362,49390988,1.084602484,45538332,1.135631911,40099553,1.198225525,33465781,1.226566619,27284112,676578,80.0784,1.0071,0.68
145,NAM,Namibia,Windhoek,Africa,2567012,1.124548781,2489098,3.29914761,1.185696368,1.090416453,2282704,1.087379381,2099271,1.153990262,1819141,1.328799403,1369011,1.402683828,975994,1.293620529,754467,825615,3.1092,1.0146,0.03
225,NRU,Nauru,Yaren,Oceania,12668,1.132588288,12315,1.848266547,1.202519285,1.101028163,11185,1.092178498,10241,0.986894093,10377,1.081162742,9598,1.257105435,7635,1.145880234,6663,21,603.2381,1.0125,0
49,NPL,Nepal,Kathmandu,Asia,30547580,1.106382486,29348627,2.347648822,1.080520391,1.062958404,27610325,1.016521801,27161567,1.10594951,24559500,1.251979835,19616530,1.257434244,15600442,1.247907075,12501285,147181,207.5511,1.0171,0.38
71,NLD,Netherlands,Amsterdam,Europe,17564014,1.030685037,17434557,1.337243204,1.049192712,1.023088289,17041107,1.025515318,16617116,1.045158494,15899135,1.063875267,14944548,1.057617743,14130387,1.083810962,13037686,41850,419.6897,1.0036,0.22
185,NCL,New Caledonia,Nouméa,Oceania,289950,1.024442466,286403,2.580625687,1.095541377,1.011910314,283032,1.082646715,261426,1.180055702,221537,1.249757424,177264,1.192901702,148599,1.338946856,110982,18575,15.6097,1.0075,0
123,NZL,New Zealand,Wellington,Oceania,5185288,1.129547182,5061133,1.792147195,1.164459138,1.102501639,4590590,1.056197194,4346338,1.127376944,3855266,1.134773204,3397389,1.079506718,3147168,1.114412189,2824061,270467,19.1716,1.0108,0.07
106,NIC,Nicaragua,Managua,America,6948392,1.103164863,6755895,2.763410583,1.153723,1.072602982,6298598,1.075629118,5855734,1.142978774,5123222,1.211788108,4227820,1.279874211,3303309,1.351175388,2444767,130373,53.2962,1.0143,0.09
54,NER,Niger,Niamey,Africa,26207977,1.302057609,24333639,5.21095516,1.461695519,1.208937256,20128124,1.209074757,16647543,1.432334409,11622665,1.388502585,8370647,1.355970678,6173177,1.321962101,4669708,1267000,20.6851,1.0378,0.33
6,NGA,Nigeria,Abuja,Africa,218541212,1.187751187,208327405,3.748968225,1.294338069,1.132240095,183995785,1.143165726,160952853,1.310136375,122851984,1.290268788,95214257,1.305173117,72951439,1.312801965,55569264,923768,236.5759,1.0241,2.74
232,NIU,Niue,Alofi,Oceania,1934,1.047103411,1942,0.374541948,1.071743929,1.051434759,1847,1.019315673,1812,0.87367406,2074,0.818791946,2533,0.696453121,3637,0.70144648,5185,260,7.4385,0.9985,0
56,PRK,North Korea,Pyongyang,Asia,26069416,1.032124496,25867467,1.724856685,1.047841335,1.024129054,25258015,1.023153606,24686435,1.056463075,23367059,1.123442062,20799523,1.157223102,17973650,1.1984927,14996879,120538,216.2755,1.0038,0.33
150,MKD,North Macedonia,Skopje,Europe,2093599,0.99318631,2111072,1.274199458,1.008235633,1.001475359,2107962,1.006750316,2093828,1.027425788,2037936,0.996948401,2044174,1.071918902,1907023,1.151039696,1656783,25713,81.4218,0.9954,0.03
210,NFK,Northern Mariana Islands,Saipan,Oceania,49551,0.961893854,49587,4.888790299,0.91680071,0.962592693,51514,0.952428495,54087,0.673243048,80338,1.673638598,48002,2.725373304,17613,1.7364685,10143,464,106.7909,1.0014,0
120,NOR,Norway,Oslo,Europe,5434319,1.047003134,5379839,1.388149954,1.100229849,1.036506744,5190356,1.061478716,4889741,1.088737714,4491202,1.058837203,4241636,1.038146976,4085776,1.05424526,3875546,323802,16.7828,1.0058,0.07
127,OMN,Oman,Muscat,Asia,4576298,1.091732478,4543399,6.774185805,1.576521367,1.083884015,4191776,1.454511134,2881914,1.229352804,2344253,1.299097712,1804524,1.773554197,1017462,1.517030892,670693,309500,14.7861,1.0123,0.06
5,PAK,Pakistan,Islamabad,Asia,235824862,1.117816025,227196741,3.831900819,1.168379972,1.076918505,210969298,1.084928866,194454498,1.259665698,154369924,1.33753125,115414069,1.431509072,80624057,1.359805553,59290872,881912,267.4018,1.0191,2.96
222,PLW,Palau,Ngerulmud,Oceania,18055,1.014667866,17972,1.581207109,0.969363538,1.010003372,17794,0.959762675,18540,0.939876305,19726,1.289871183,15293,1.248204375,12252,1.077951786,11366,459,39.3355,1.0017,0
122,PSE,Palestine,Ramallah,Asia,5250072,1.17068537,5019401,4.488657633,1.257277424,1.119249282,4484614,1.123322073,3992278,1.271444741,3139954,1.477897345,2124609,1.46159863,1453620,1.299916565,1118241,6220,844.063,1.0227,0.07
128,PAN,Panama,Panama City,America,4408581,1.114094189,4294396,2.832363797,1.185113107,1.085238454,3957099,1.092030146,3623617,1.207175793,3001731,1.225212329,2449968,1.251908163,1956987,1.290728458,1516188,75417,58.4561,1.0132,0.06
93,PNG,Papua New Guinea,Port Moresby,Oceania,10142619,1.168211902,9749640,3.916998352,1.28567772,1.12294916,8682174,1.144911779,7583269,1.376699368,5508297,1.425184193,3864972,1.244842482,3104788,1.247374208,2489059,462840,21.9139,1.0194,0.13
109,PRY,Paraguay,Asunción,America,6780744,1.097571848,6618695,2.747729459,1.147363326,1.071341626,6177950,1.070959345,5768613,1.125842462,5123819,1.262274663,4059195,1.31838617,3078912,1.27820019,2408787,406752,16.6705,1.0115,0.09
44,PER,Peru,Lima,America,34049588,1.108678689,33304756,2.455673569,1.1394199,1.084426432,30711863,1.050712032,29229572,1.096611788,26654439,1.205586849,22109099,1.263925557,17492406,1.289774922,13562371,1285216,26.4933,1.0099,0.43
13,PHL,Philippines,Manila,Asia,115559009,1.121590586,112190977,2.996907194,1.185491221,1.0889012,103031365,1.088704118,94636700,1.213941216,77958223,1.266400562,61558898,1.271364626,48419546,1.293409592,37435586,342353,337.5434,1.0147,1.45
37,POL,Poland,Warsaw,Europe,39857145,1.033823414,38428366,1.183032153,0.995621798,0.996763429,38553146,0.998854662,38597353,1.002413281,38504431,1.011564025,38064255,1.07158569,35521429,1.09354097,32482943,312679,127.4698,1.0404,0.5
92,PRT,Portugal,Lisbon,Europe,10270865,0.990876408,10298192,1.185931553,0.972591801,0.993512766,10365435,0.97894243,10588401,1.027937622,10300626,1.029306471,10007346,1.022696809,9785252,1.126861793,8683631,92090,111.5307,0.9981,0.13
136,PRI,Puerto Rico,San Juan,America,3252407,0.929967246,3271564,1.195039923,0.879944227,0.935444846,3497335,0.940669277,3717922,0.971470364,3827108,1.079952006,3543776,1.102411273,3214568,1.174220372,2737619,8870,366.675,0.9989,0.04
143,QAT,Qatar,Doha,Asia,2695122,1.116189902,2760385,23.39170558,1.610959181,1.143218697,2414573,1.409143486,1713504,2.652741676,645937,1.462471274,441675,1.591908452,277450,2.351131713,118007,11586,232.6189,1.0026,0.03
114,COG,Republic of the Congo,Brazzaville,Africa,5970424,1.17890382,5702174,4.081760128,1.28488577,1.125935898,5064386,1.141171333,4437884,1.416031116,3134030,1.313819073,2385435,1.304046563,1829256,1.309427633,1396989,342000,17.4574,1.0231,0.07
161,REU,Reunion,Saint-Denis,Africa,974052,1.05588865,957822,2.021041304,1.076047319,1.038295059,922495,1.036359858,890130,1.133311434,785424,1.191856654,658992,1.194531553,551674,1.164053384,473925,2511,387.914,1.0082,0.01
64,ROU,Romania,Bucharest,Europe,19659267,0.987601174,19442038,0.975877668,0.956077515,0.976688478,19906079,0.978897096,20335211,0.92770648,21919876,0.95987263,22836234,1.03213572,22125224,1.11055806,19922618,238391,82.4665,1.0171,0.25
9,RUS,Russia,Moscow,Europe,144713314,1.000310538,145617329,1.119332461,1.016578378,1.006559415,144668389,1.009953673,143242599,0.975469073,146844839,0.99215662,148005704,1.070508216,138257420,1.062758253,130093010,17098242,8.4636,0.9973,1.81
76,RWA,Rwanda,Kigali,Africa,13776698,1.183264323,13146362,3.374005067,1.275227711,1.129125508,11642959,1.129394121,10309031,1.271152279,8109989,1.107927746,7319962,1.394934228,5247532,1.346775599,3896367,26338,523.0731,1.0234,0.17
228,BLM,Saint Barthelemy,Gustavia,America,10967,1.13730167,10681,4.419114605,1.188362261,1.10764285,9643,1.072874944,8988,1.269133013,7082,1.370356037,5168,1.732484076,2983,1.234174597,2417,21,522.2381,1.0098,0
211,KNA,Saint Kitts and Nevis,Basseterre,America,47657,0.997216991,47642,1.059464508,1.005041875,0.996903118,47790,1.00816404,47403,1.042717934,45461,1.11873708,40636,0.942896257,43097,0.958392635,44968,261,182.5939,1.0011,0
190,LCA,Saint Lucia,Castries,America,179857,1.02410846,179237,1.738645843,1.048568169,1.02057817,175623,1.02742563,170935,1.07169279,159500,1.120863522,142301,1.169920992,121633,1.179871957,103090,616,291.9756,1.0011,0
220,MAF,Saint Martin,Marigot,America,31791,0.907795545,32552,5.610479145,0.89286302,0.929525985,35020,0.960557354,36458,1.231273219,29610,1.05272514,28127,3.61715535,7776,1.340227508,5802,53,599.8302,0.9951,0
229,SPM,Saint Pierre and Miquelon,Saint-Pierre,America,5862,0.980595517,5906,1.066642586,0.975875744,0.987955838,5978,0.987772637,6052,0.964615875,6274,0.992093612,6324,1.035702588,6106,1.102763229,5537,242,24.2231,0.9964,0
199,VCT,Saint Vincent and the Grenadines,Kingstown,America,103948,0.976202551,104632,1.062696148,0.957221795,0.982626172,106482,0.974146449,109308,0.960417527,113813,1.011788029,112487,1.046585411,107480,1.091621893,98459,389,267.2185,0.9963,0
188,WSM,Samoa,Apia,Oceania,222382,1.092405107,214929,1.505410763,1.104057081,1.055793802,203571,1.045712789,194672,1.057954002,184008,1.094074418,168186,1.019896304,164905,1.155031484,142771,2842,78.2484,1.0165,0
218,SMR,San Marino,San Marino,Europe,33660,1.002680965,34007,1.871704552,1.075898507,1.013017575,33570,1.062072893,31608,1.178391679,26823,1.159562511,23132,1.083669071,21346,1.174858275,18169,61,551.8033,0.9975,0
187,STP,Sao Tome and Principe,São Tomé,Africa,227380,1.13054633,218641,2.818156039,1.200413972,1.087095523,201124,1.104239642,182138,1.267364349,143714,1.194203236,120343,1.237969345,97210,1.252980679,77583,964,235.8714,1.0192,0
41,SAU,Saudi Arabia,Riyadh,Asia,36408820,1.111724854,35997107,5.895181955,1.223894801,1.099153407,32749848,1.113488612,29411929,1.36498801,21547390,1.346311095,16004763,1.573458445,10171710,1.665802789,6106191,2149690,16.9368,1.0128,0.46
72,SEN,Senegal,Dakar,Africa,17316449,1.206201635,16436119,3.763068303,1.311728674,1.14488101,14356181,1.145733629,12530121,1.291194397,9704287,1.287723688,7536001,1.321208639,5703869,1.305907352,4367744,196722,88.025,1.0261,0.22
105,SRB,Serbia,Belgrade,Europe,7221365,0.960352263,7358005,1.02286387,0.961359716,0.978523694,7519496,0.982459313,7653748,0.964552839,7935022,0.993426378,7987529,1.027069401,7777010,1.081111326,7193533,88361,81.7257,0.9897,0.09
196,SYC,Seychelles,Victoria,Africa,107118,1.079383313,105530,1.94063885,1.141988334,1.063381701,99240,1.073921371,92409,1.154246815,80060,1.126701099,71057,1.088328994,65290,1.200647309,54379,452,236.9867,1.0061,0
102,SLE,Sierra Leone,Freetown,Africa,8605718,1.176484629,8233969,2.963397548,1.279222514,1.125662956,7314773,1.136416995,6436698,1.404145707,4584067,1.059804808,4325388,1.284459552,3367477,1.211951743,2778557,71740,119.957,1.022,0.11
113,SGP,Singapore,Singapore,Asia,5975689,1.057640701,5909869,2.866320761,1.14452716,1.045991181,5650018,1.094203451,5163590,1.273827574,4053602,1.341271236,3022209,1.258871368,2400729,1.164367497,2061831,710,8416.4634,1.0058,0.07
214,SXM,Sint Maarten,Philipsburg,America,44175,1.098743937,43621,6.968210863,1.320487982,1.084964557,40205,1.217079373,33034,1.083472728,30489,1.094954211,27845,2.274360859,12243,1.955750799,6260,34,1299.2647,1.003,0
116,SVK,Slovakia,Bratislava,Europe,5643453,1.04037446,5456681,1.206465059,1.011166098,1.005942913,5424444,1.005192327,5396424,1.003670288,5376690,1.021930871,5261305,1.057786241,4973883,1.09971905,4522867,49037,115.0856,1.0359,0.07
148,SVN,Slovenia,Ljubljana,Europe,2119844,1.018733583,2117641,1.216136235,1.029337195,1.017674887,2080862,1.011459758,2057286,1.03676136,1984339,0.999151571,1986024,1.044412775,1901570,1.09204921,1741286,20273,104.5649,1.0002,0.03
166,SLB,Solomon Islands,Honiara,Oceania,724273,1.182177717,691191,3.999184184,1.2790501,1.128180394,612660,1.133728354,540394,1.256794534,429978,1.326392552,324171,1.38731448,233668,1.351987178,172833,28896,25.0648,1.0232,0.01
70,SOM,Somalia,Mogadishu,Africa,17597511,1.27852595,16537016,4.444267191,1.375031066,1.201476964,13763906,1.144450628,12026649,1.378971193,8721465,1.246084494,6999096,1.187853008,5892224,1.583515297,3720977,637657,27.5971,1.0312,0.22
24,ZAF,South Africa,Pretoria,Africa,59893885,1.071897501,58801927,2.628805552,1.135502881,1.052355155,55876504,1.079011089,51784921,1.10620184,46813266,1.17392474,39877570,1.353454399,29463549,1.31720073,22368306,1221037,49.0517,1.0084,0.75
29,KOR,South Korea,Seoul,Asia,51815810,1.016107827,51844690,1.590272157,1.062107336,1.016674164,50994401,1.044688036,48813042,1.043268048,46788591,1.060483899,44120039,1.155867433,38170501,1.170833213,32601143,100210,517.0722,0.9997,0.65
86,SSD,South Sudan,Juba,Africa,10913164,0.974885877,10606227,3.173227402,1.091802505,0.947466831,11194299,1.152338498,9714419,1.588766755,6114440,1.287029157,4750817,1.133302608,4192011,1.254188146,3342410,619745,17.6091,1.0153,0.14
30,ESP,Spain,Madrid,Europe,47558630,1.0242786,47363807,1.40160222,1.016984924,1.020082663,46431342,0.996963247,46572772,1.143124318,40741651,1.047615513,38889889,1.037294235,37491666,1.10946323,33792617,505992,93.9909,1.0015,0.6
61,LKA,Sri Lanka,Colombo,Asia,21832143,1.02322037,21715079,1.752803608,1.05063353,1.01773386,21336697,1.032326398,20668557,1.100774852,18776371,1.091389701,17204094,1.151264902,14943645,1.206225171,12388769,65610,332.7563,1.0027,0.27
32,SDN,Sudan,Khartoum,Africa,46874204,1.227999932,44440486,3.93097534,1.317148022,1.164241931,38171178,1.131335323,33739933,1.282947041,26298773,1.246925947,21090886,1.264928012,16673586,1.474859105,11305206,1886068,24.8529,1.0267,0.59
170,SUR,Suriname,Paramaribo,America,618040,1.073964985,607065,1.59788428,1.111677776,1.054893783,575475,1.053829109,546080,1.140046514,478998,1.160487067,412756,1.100354028,375112,0.987349902,379918,163820,3.7727,1.0082,0.01
87,SWE,Sweden,Stockholm,Europe,10549347,1.071070484,10368969,1.291648469,1.10523007,1.052756786,9849349,1.049843691,9381729,1.057567752,8871043,1.037742358,8548406,1.028470855,8311763,1.035385095,8027702,450295,23.4276,1.0079,0.13
101,CHE,Switzerland,Bern,Europe,8740472,1.055391795,8638613,1.397556343,1.104338099,1.043092556,8281732,1.058715349,7822435,1.089163289,7182059,1.070081573,6711693,1.062125808,6319113,1.022307222,6181227,41284,211.7157,1.0056,0.11
60,SYR,Syria,Damascus,Asia,22125249,1.152046026,20772595,3.28721963,0.929940074,1.081614292,19205178,0.859770513,22337563,1.369759439,16307654,1.314179971,12408996,1.394433099,8898954,1.408240823,6319199,185180,119.4797,1.0376,0.28
57,TWN,Taiwan,Taipei,Asia,23893394,1.016215371,23821464,1.5925706,1.031987971,1.013156099,23512136,1.018587335,23083083,1.040025356,22194731,1.078137735,20586174,1.137340023,18100281,1.210084123,14957870,36193,660.1662,1.0014,0.3
95,TJK,Tajikistan,Dushanbe,Asia,9952787,1.16761068,9543207,3.188488613,1.25209705,1.119560824,8524063,1.118382336,7621779,1.215013778,6272998,1.157836858,5417860,1.339077328,4045965,1.35180064,2993019,143100,69.5513,1.0208,0.12
22,TZA,Tanzania,Dodoma,Africa,65497748,1.246559364,61704518,4.531035985,1.367851854,1.17436625,52542823,1.164757463,45110527,1.308928576,34463704,1.315106778,26206012,1.357989174,19297659,1.417050002,13618192,945087,69.3034,1.03,0.82
20,THA,Thailand,Bangkok,Asia,71697030,1.019953696,71475664,1.996988354,1.046948177,1.016804568,70294397,1.02964543,68270489,1.082514132,63066603,1.141923206,55228410,1.207501602,45737753,1.277886136,35791728,513120,139.7276,1.0013,0.9
155,TLS,Timor-Leste,Dili,Asia,1341296,1.112358218,1299995,2.346472426,1.194314856,1.078106638,1205813,1.107789168,1088486,1.239225375,878360,1.158624256,758106,1.180438601,642224,1.159205156,554021,14874,90.1772,1.0154,0.02
100,TGO,Togo,Lomé,Africa,8848699,1.184052971,8442580,3.842106724,1.284657072,1.129709795,7473229,1.137156708,6571855,1.312262195,5008035,1.292080361,3875947,1.36567892,2838110,1.291586401,2197383,56785,155.8281,1.0236,0.11
233,TKL,Tokelau,Nukunonu,Oceania,1871,1.286795048,1827,1.065927655,1.336503292,1.2565337,1454,1.063643014,1367,0.820528211,1666,0.998202516,1669,1.01335762,1647,0.960910152,1714,12,155.9167,1.0119,0
197,TON,Tonga,Nuku‘alofa,Oceania,106858,1.006935414,105254,1.217034365,0.980173771,0.991820735,106122,0.988256987,107383,1.046587332,102603,1.039259777,98727,1.02087728,96708,1.118218399,86484,747,143.0495,1.0079,0
153,TTO,Trinidad and Tobago,Port-of-Spain,America,1531044,1.048533157,1518147,1.535203107,1.076474017,1.039700666,1460177,1.035369171,1410296,1.058619445,1332203,1.051862666,1266518,1.122946982,1127852,1.140523213,988890,5130,298.4491,1.0035,0.02
79,TUN,Tunisia,Tunis,Africa,12356117,1.069073652,12161723,2.409500607,1.116259998,1.05225433,11557779,1.060827184,10895063,1.101254928,9893316,1.172190645,8440023,1.28303783,6578156,1.303275109,5047404,163610,75.5218,1.0076,0.15
18,TUR,Turkey,Ankara,Asia,85341241,1.071504536,84135428,2.367278683,1.149464191,1.056364914,79646178,1.088131738,73195345,1.141651779,64113547,1.180203582,54324142,1.232145365,44089069,1.24051325,35540990,783562,108.9145,1.0067,1.07
111,TKM,Turkmenistan,Ashgabat,Asia,6430770,1.115208003,6250438,2.839260082,1.186498405,1.08393528,5766431,1.094621078,5267970,1.15294765,4569132,1.228169508,3720278,1.299477488,2862903,1.300473056,2201432,488100,13.1751,1.014,0.08
212,TCA,Turks and Caicos Islands,Cockburn Town,America,45703,1.250834747,44276,7.815710503,1.489470497,1.211779517,36538,1.229159658,29726,1.585894153,18744,1.600819882,11709,1.541063438,7598,1.341218005,5665,948,48.2099,1.0131,0
227,TUV,Tuvalu,Funafuti,Oceania,11312,1.039992645,11069,1.903852769,1.049194313,1.017651926,10877,1.030995261,10550,1.094625441,9638,1.049662383,9182,1.18768594,7731,1.329721362,5814,26,435.0769,1.0096,0
31,UGA,Uganda,Kampala,Africa,47249585,1.260750225,44404611,4.303935113,1.372982019,1.184838413,37477356,1.158792629,32341728,1.346410889,24020697,1.36584991,17586630,1.323893073,13284026,1.287559662,10317212,241550,195.61,1.0304,0.59
38,UKR,Ukraine,Kiev,Europe,39701739,0.882602846,43909666,0.928733394,0.961181332,0.976148581,44982564,0.984667038,45683020,0.93460002,48879755,0.947469052,51589817,1.032334806,49973920,1.056998437,47279086,603500,65.7858,0.912,0.5
97,ARE,United Arab Emirates,Abu Dhabi,Asia,9441129,1.058790618,9287289,31.15661693,1.094970496,1.041537983,8916899,1.05130155,8481771,2.589590432,3275333,1.723722483,1900151,1.873827472,1014048,3.401886716,298084,83600,112.9322,1.0081,0.12
21,GBR,United Kingdom,London,Europe,67508936,1.035026359,67059474,1.2050184,1.068505933,1.028135345,65224364,1.03926583,62760039,1.066439985,58850043,1.028659121,57210442,1.015696283,56326328,1.012150224,55650166,242900,277.9289,1.0034,0.85
3,USA,United States,"Washington, D.C.",America,338289857,1.042149579,335942003,1.676956955,1.079564662,1.034916684,324607776,1.043141617,311182845,1.101927898,282398554,1.138319517,248083732,1.111785032,223140018,1.113871447,200328340,9372610,36.0935,1.0038,4.24
200,VIR,United States Virgin Islands,Charlotte Amalie,America,99465,0.96753013,100442,1.583110046,0.946298355,0.977033744,102803,0.968542142,106142,0.981115681,108185,1.074489745,100685,1.041856374,96640,1.523185071,63446,347,286.6427,0.9937,0
133,URY,Uruguay,Montevideo,America,3422794,1.005870429,3429086,1.228946355,1.022798377,1.007719484,3402818,1.014963383,3352651,1.018354462,3292224,1.056211526,3117012,1.055272789,2953750,1.058591209,2790265,181034,18.9069,0.999,0.04
43,UZB,Uzbekistan,Tashkent,Asia,34627652,1.118846665,33526656,2.791245388,1.171677851,1.083272619,30949417,1.081609404,28614227,1.147987603,24925554,1.211207196,20579100,1.290457988,15947129,1.327670445,12011361,447400,77.3975,1.016,0.43
181,VUT,Vanuatu,Port-Vila,Oceania,326740,1.181964853,311685,3.581803974,1.269835773,1.127504178,276438,1.12623598,245453,1.277908514,192074,1.273008046,150882,1.276972816,118156,1.357818407,87019,12189,26.8061,1.0238,0
234,VAT,Vatican City,Vatican City,Europe,510,0.904255319,520,0.691489362,0.872483221,0.921985816,564,0.946308725,596,0.915514593,651,0.93,700,0.954979536,733,0.974734043,752,1,510,0.998,0
51,VEN,Venezuela,Caracas,America,28301696,0.927021267,28490453,2.5089618,0.99217939,0.933203997,30529716,1.063196678,28715022,1.175509275,24427729,1.236810779,19750579,1.298488085,15210443,1.339480999,11355475,916445,30.882,1.0036,0.35
16,VNM,Vietnam,Hanoi,Asia,98186856,1.065032727,96648685,2.30506411,1.105680884,1.048348188,92191398,1.054688601,87411012,1.106452512,79001142,1.18066144,66912613,1.263258419,52968270,1.263289388,41928849,331212,296.4472,1.0074,1.23
226,WLF,Wallis and Futuna,Mata-Utu,Oceania,11572,0.949926121,11655,1.242934841,0.886851316,0.956739452,12182,0.926951758,13142,0.892616994,14723,1.094321391,13454,1.189041096,11315,1.206675909,9377,142,81.493,0.9953,0
172,ESH,Western Sahara,El Aaiún,Africa,575986,1.17112219,556048,7.280878868,1.345398939,1.130583298,491824,1.190004258,413296,1.528602866,270375,1.514459836,178529,1.528828945,116775,1.529048985,76371,266000,2.1654,1.0184,0.01
46,YEM,Yemen,Sanaa,Asia,33696614,1.181651354,32284046,4.717402095,1.304725043,1.132116321,28516545,1.152465536,24743946,1.328270142,18628700,1.3927874,13375121,1.453037598,9204938,1.345041876,6843607,527968,63.8232,1.0217,0.42
63,ZMB,Zambia,Lusaka,Africa,20017675,1.231991115,18927715,4.42063741,1.37236057,1.164909347,16248230,1.178083576,13792086,1.394388471,9891136,1.286835803,7686401,1.343673509,5720438,1.336029321,4281671,752612,26.5976,1.028,0.25
74,ZWE,Zimbabwe,Harare,Africa,16320537,1.152992557,15669666,3.011707277,1.220400738,1.107010649,14154937,1.102429085,12839771,1.084927969,11834676,1.170140519,10113893,1.43460981,7049926,1.35499464,5202918,390757,41.7665,1.0204,0.2
